{"rmse": 1.32413964392979, "mean": 1.0803746667737453, "median": 0.834094632801915, "std": 0.7655954388709673, "min": 0.06791479133991024, "max": 3.6656315427246184, "sse": 26412.401080381755}