{"rmse": 1.486082342322779, "mean": 1.2749353625982331, "median": 1.0785537782508907, "std": 0.7635316295740925, "min": 0.1948033825293884, "max": 3.158826915146455, "sse": 1727.0006494239015}