{"rmse": 2.9294899974933455, "mean": 2.823700256978452, "median": 2.8814677233275336, "std": 0.7801464632704466, "min": 0.8891008636864968, "max": 3.947070316877496, "sse": 10478.514119049958}